page,status
index.html,required
start-here/index.html,required
products/index.html,required
pricing/index.html,required
services/index.html,required
examples/index.html,required
standards/index.html,required
command-center/index.html,required
site-map/index.html,required
404.html,required
products/goalos-ai-efficiency-sprint-kit/index.html,required
products/goalos-rsi-lite/index.html,required
products/goalos-proof-room-lite/index.html,required
products/goalos-rsi-sprint-workshop/index.html,required
products/goalos-proof-room-implementation-sprint/index.html,required
products/goalos-enterprise-rsi-pilot/index.html,required
products/goalos-cloud-mvp/index.html,required
workshop/goalos-rsi-sprint-workshop/index.html,required
workshop/goalos-proof-room-implementation-sprint/index.html,required
implementation/goalos-proof-room-implementation-sprint/index.html,required
enterprise/goalos-enterprise-rsi-pilot/index.html,required
platform/goalos-recursive-workflow-os/index.html,required
brand/visual-system/index.html,required
