Document,Purpose,Required
docs/GOALOS_DOCUMENTATION_INDEX.md,GoalOS public documentation layer,yes
docs/GOALOS_COMMERCIALIZATION_STATUS.md,GoalOS public documentation layer,yes
docs/GOALOS_PRODUCT_LADDER.md,GoalOS public documentation layer,yes
docs/GOALOS_READY_TO_SELL_STATUS.md,GoalOS public documentation layer,yes
docs/GOALOS_PROOF_CARD_001_PLAN.md,GoalOS public documentation layer,yes
docs/GOALOS_RECURSIVE_WORKFLOW_OS.md,GoalOS public documentation layer,yes
docs/GOALOS_CLOUD_MVP_0_2.md,GoalOS public documentation layer,yes
docs/GOALOS_RSI_SPRINT_WORKSHOP_PUBLIC_POSITIONING.md,GoalOS public documentation layer,yes
docs/GOALOS_PUBLIC_SITE_RELEASE_V8.md,GoalOS public documentation layer,yes
docs/GOALOS_WEBSITE_AUTONOMOUS_ACTIONS.md,GoalOS public documentation layer,yes
docs/GOALOS_VALIDATION_HOTFIX_V14.md,GoalOS public documentation layer,yes
docs/GOALOS_PUBLIC_SITE_ASSET_SYSTEM.md,GoalOS public documentation layer,yes
docs/GOALOS_PAID_ARTIFACT_POLICY.md,GoalOS public documentation layer,yes
docs/GOALOS_CLAIMS_AND_SAFE_BOUNDARY.md,GoalOS public documentation layer,yes
docs/GOALOS_LEGAL_PAYMENTS_BUYER_SUCCESS_SUMMARY.md,GoalOS public documentation layer,yes
docs/GOALOS_TAX_ACCOUNTING_CFO_SUMMARY.md,GoalOS public documentation layer,yes
docs/GOALOS_COMMUNICATIONS_FIRM_SUMMARY.md,GoalOS public documentation layer,yes
docs/GOALOS_PROFESSIONAL_FIRM_PACKAGES_SUMMARY.md,GoalOS public documentation layer,yes
docs/GOALOS_WEB3_HYBRID_ARCHITECTURE.md,GoalOS public documentation layer,yes
docs/GOALOS_ENGINEERING_ROADMAP.md,GoalOS public documentation layer,yes
docs/GOALOS_REPO_AUDIT.md,GoalOS public documentation layer,yes
docs/GOALOS_INSTITUTIONAL_POSITIONING.md,GoalOS public documentation layer,yes
docs/GOALOS_PUBLIC_STANDARD_STRATEGY.md,GoalOS public documentation layer,yes
docs/GOALOS_PROOF_GRAPH_CONCEPT.md,GoalOS public documentation layer,yes
docs/GOALOS_AEP_STANDARDS_INDEX.md,GoalOS public documentation layer,yes
