utility,actor,public_safe_description
Sponsor,sponsor/builder/reviewer,utility-first coordination; not investment
Builder,sponsor/builder/reviewer,utility-first coordination; not investment
Proof,sponsor/builder/reviewer,utility-first coordination; not investment
Reviewer,sponsor/builder/reviewer,utility-first coordination; not investment
Credential,sponsor/builder/reviewer,utility-first coordination; not investment
Proof-card,sponsor/builder/reviewer,utility-first coordination; not investment
Premium,sponsor/builder/reviewer,utility-first coordination; not investment
Referral,sponsor/builder/reviewer,utility-first coordination; not investment
Reputation-weighted,sponsor/builder/reviewer,utility-first coordination; not investment
